{"Discounted Reward": 0.7356487933404248, "_timestamp": 1654544808, "_runtime": 794, "_step": 99, "Training reward": 0.7356487929368996, "training reward moving average": 0.5701417709384613, "_wandb": {"runtime": 794}}