{"Discounted Reward": 0.19797872853798512, "_timestamp": 1654547607, "_runtime": 376, "_step": 47, "Training reward": 0.19797872823778562, "training reward moving average": 0.6137826266477886}