{"Discounted Reward": 0.32779234642578314, "_timestamp": 1654543033, "_runtime": 753, "_step": 99, "Training reward": 0.3277923461357659, "training reward moving average": 0.5491862881775533, "_wandb": {"runtime": 754}}