{"Discounted Reward": 8.803358102425346, "_timestamp": 1654547722, "_runtime": 18, "_step": 1, "Training reward": 0.3792470686955767, "training reward moving average": 0}